{
  "installed_BESS_GFM_GW": 414.8031829821719,
  "installed_RES_GW": 0.05460000000000001,
  "installed_by_bus_GW": {
    "5": 13.916652144813709,
    "16": 15.336464483767244,
    "20": 16.30067905609282,
    "35": 13.618415450306854,
    "12": 0.0,
    "24": 10.1,
    "28": 2.0,
    "30": 7.28740440764319,
    "17": 16.5299021013136,
    "37": 7.760000000000001,
    "1": 0.037550000000000014,
    "19": 10.630507424753214,
    "22": 9.825211873840171,
    "23": 20.640865479047626,
    "32": 0.0,
    "6": 14.91719821383395,
    "8": 14.300483831829352,
    "36": 3.25,
    "11": 8.0,
    "31": 26.655918812119936,
    "9": 20.630945812713975,
    "14": 19.738328480199357,
    "3": 0.05516666666666666,
    "29": 20.996678128256224,
    "33": 15.183158939242247,
    "25": 6.35,
    "7": 17.11090028082554,
    "34": 4.620000000000001,
    "4": 21.520304536556125,
    "15": 14.90876718083852,
    "21": 13.66775716162366,
    "2": 16.30741926833019,
    "27": 2.31,
    "18": 16.985696841638266,
    "26": 0.021050000000000003,
    "10": 13.3463564059194,
    "13": 0.0
  },
  "installed_OCGT_GW": 0.0,
  "installed_by_carrier_GW": {
    "battery_gfl": 0.002,
    "battery_gfm": 414.8031829821719,
    "offwind-dc": 0.0,
    "ror": 0.0,
    "onwind": 0.0,
    "geothermal": 0.0,
    "CCGT": 0.0,
    "biomass": 0.0,
    "offwind-ac": 0.0,
    "PHS": 0.0,
    "nuclear": 0.0,
    "solar": 0.05460000000000001,
    "OCGT": 0.0,
    "hydro": 0.0
  },
  "installed_CCGT_GW": 0.0,
  "installed_gas_total_GW": 0.0,
  "installed_solar_GW": 0.05460000000000001,
  "installed_BESS_GFL_GW": 0.002,
  "installed_PV_GW": 0.05460000000000001,
  "installed_wind_GW": 0.0
}
