{
  "invested_blocks_by_bus": {
    "5": 139.16652144813708,
    "16": 153.36464483767244,
    "20": 163.0067905609282,
    "35": 136.18415450306853,
    "12": 0.0,
    "24": 101.0,
    "28": 20.0,
    "30": 72.8740440764319,
    "17": 165.299021013136,
    "37": 77.60000000000001,
    "1": 0.7310000000000003,
    "19": 106.30507424753213,
    "22": 98.25211873840172,
    "23": 206.40865479047625,
    "32": 0.0,
    "6": 149.1719821383395,
    "8": 143.0048383182935,
    "36": 32.5,
    "11": 80.0,
    "31": 266.5591881211994,
    "9": 206.30945812713975,
    "14": 197.38328480199357,
    "3": 0.5516666666666666,
    "29": 209.96678128256227,
    "33": 151.83158939242247,
    "25": 63.5,
    "7": 171.10900280825538,
    "34": 46.20000000000001,
    "4": 215.20304536556128,
    "15": 149.0876718083852,
    "21": 136.6775716162366,
    "2": 163.0741926833019,
    "27": 23.1,
    "18": 169.85696841638267,
    "26": 0.401,
    "10": 133.463564059194,
    "13": 0.0
  },
  "battery_gfl_invested_blocks": 0.02,
  "generator_invested_blocks": 1.0920000000000003,
  "invested_blocks_by_carrier": {
    "battery_gfl": 0.02,
    "battery_gfm": 4148.031829821718,
    "offwind-dc": 0.0,
    "ror": 0.0,
    "onwind": 0.0,
    "geothermal": 0.0,
    "CCGT": 0.0,
    "biomass": 0.0,
    "offwind-ac": 0.0,
    "PHS": 0.0,
    "nuclear": 0.0,
    "solar": 1.0920000000000003,
    "OCGT": 0.0,
    "hydro": 0.0
  },
  "total_gfm_strength_investment": 3.802885559562475e6,
  "total_invested_blocks": 4149.143829821718,
  "battery_gfm_invested_blocks": 4148.031829821718,
  "storage_invested_blocks": 4148.0518298217185
}
