{
  "status": "OPTIMAL",
  "startup_cost": 20357.15491769316,
  "shutdown_cost": 0.0,
  "objective": 1.7477678329740625e11,
  "investment_cost": 1.7477676294023145e11,
  "solve_time_sec": 344.36899995803833,
  "build_time_sec": 22.145999908447266
}
