{
  "status": "OPTIMAL",
  "startup_cost": 278.0,
  "shutdown_cost": 0.0,
  "objective": 278.078125,
  "investment_cost": 0.0,
  "solve_time_sec": 307.0810000896454,
  "build_time_sec": 20.026000022888184
}
