{
  "installed_BESS_GFM_GW": 417.70000000000005,
  "installed_RES_GW": 0.1,
  "installed_by_bus_GW": {
    "5": 1.0,
    "16": 0.6,
    "20": 0.2,
    "35": 0.2,
    "12": 0.0,
    "24": 0.1,
    "28": 1.0,
    "30": 0.5,
    "17": 1.1,
    "37": 0.8,
    "1": 0.35,
    "19": 0.5,
    "22": 0.3,
    "23": 6.1,
    "32": 0.0,
    "6": 1.0,
    "8": 95.0,
    "36": 0.3,
    "11": 1.1,
    "31": 100.0,
    "9": 0.6,
    "14": 0.6,
    "3": 0.1,
    "29": 99.1,
    "33": 0.8,
    "25": 0.4,
    "7": 0.5,
    "34": 0.7,
    "4": 0.0,
    "15": 99.1,
    "21": 0.4,
    "2": 1.0,
    "27": 0.4,
    "18": 1.9,
    "26": 0.65,
    "10": 1.4,
    "13": 0.0
  },
  "installed_OCGT_GW": 0.0,
  "installed_by_carrier_GW": {
    "battery_gfl": 0.0,
    "battery_gfm": 417.70000000000005,
    "offwind-dc": 0.0,
    "ror": 0.0,
    "onwind": 0.0,
    "geothermal": 0.0,
    "CCGT": 0.0,
    "biomass": 0.0,
    "offwind-ac": 0.0,
    "PHS": 0.0,
    "nuclear": 0.0,
    "solar": 0.1,
    "OCGT": 0.0,
    "hydro": 0.0
  },
  "installed_CCGT_GW": 0.0,
  "installed_gas_total_GW": 0.0,
  "installed_solar_GW": 0.1,
  "installed_BESS_GFL_GW": 0.0,
  "installed_PV_GW": 0.1,
  "installed_wind_GW": 0.0
}
