{
  "status": "OPTIMAL",
  "startup_cost": 0.0,
  "shutdown_cost": 0.0,
  "objective": 0.078125,
  "investment_cost": 0.0,
  "solve_time_sec": 40.44199991226196,
  "build_time_sec": 31.44000005722046
}
