{
  "installed_BESS_GFM_GW": 821.1497744732582,
  "installed_RES_GW": 0.006700000000000006,
  "installed_by_bus_GW": {
    "5": 24.89730677657437,
    "16": 34.51857815128285,
    "20": 36.37333444223519,
    "35": 24.85131736628714,
    "12": 0.0,
    "24": 13.126968017222639,
    "28": 3.0,
    "30": 13.229628806718392,
    "17": 38.38675098551814,
    "37": 13.76,
    "1": 0.008700000000000006,
    "19": 14.85613292169278,
    "22": 29.55703407196751,
    "23": 35.1292680755675,
    "32": 0.0,
    "6": 33.238714120039354,
    "8": 26.849181692593486,
    "36": 4.75,
    "11": 10.623031982777363,
    "31": 62.34521630273359,
    "9": 38.6,
    "14": 28.396064162736497,
    "3": 1.1,
    "29": 33.75515329077019,
    "33": 43.01267706888372,
    "25": 10.85,
    "7": 31.935027836706606,
    "34": 7.0670567829192805,
    "4": 50.52671526878539,
    "15": 22.845902922676686,
    "21": 29.651526810341075,
    "2": 38.2601175078337,
    "27": 2.31,
    "18": 40.10183314009429,
    "26": 0.6,
    "10": 22.644235968300247,
    "13": 0.0
  },
  "installed_OCGT_GW": 0.0,
  "installed_by_carrier_GW": {
    "battery_gfl": 0.001,
    "battery_gfm": 821.1497744732582,
    "offwind-dc": 0.0,
    "ror": 0.0,
    "onwind": 0.0,
    "geothermal": 0.0,
    "CCGT": 0.0,
    "biomass": 0.0,
    "offwind-ac": 0.0,
    "PHS": 0.0,
    "nuclear": 0.0,
    "solar": 0.006700000000000006,
    "OCGT": 0.0,
    "hydro": 0.0
  },
  "installed_CCGT_GW": 0.0,
  "installed_gas_total_GW": 0.0,
  "installed_solar_GW": 0.006700000000000006,
  "installed_BESS_GFL_GW": 0.001,
  "installed_PV_GW": 0.006700000000000006,
  "installed_wind_GW": 0.0
}
