{
  "invested_blocks_by_bus": {
    "5": 248.97306776574374,
    "16": 345.18578151282856,
    "20": 363.7333444223519,
    "35": 248.5131736628714,
    "12": 0.0,
    "24": 131.2696801722264,
    "28": 30.0,
    "30": 132.29628806718392,
    "17": 383.8675098551814,
    "37": 137.6,
    "1": 0.15400000000000014,
    "19": 148.5613292169278,
    "22": 295.57034071967513,
    "23": 351.292680755675,
    "32": 0.0,
    "6": 332.3871412003935,
    "8": 268.49181692593487,
    "36": 47.5,
    "11": 106.23031982777363,
    "31": 623.4521630273359,
    "9": 386.0,
    "14": 283.96064162736496,
    "3": 11.0,
    "29": 337.5515329077019,
    "33": 430.1267706888372,
    "25": 108.5,
    "7": 319.35027836706604,
    "34": 70.6705678291928,
    "4": 505.26715268785387,
    "15": 228.45902922676686,
    "21": 296.51526810341073,
    "2": 382.60117507833695,
    "27": 23.1,
    "18": 401.0183314009429,
    "26": 6.0,
    "10": 226.44235968300248,
    "13": 0.0
  },
  "battery_gfl_invested_blocks": 0.01,
  "generator_invested_blocks": 0.13400000000000012,
  "invested_blocks_by_carrier": {
    "battery_gfl": 0.01,
    "battery_gfm": 8211.497744732578,
    "offwind-dc": 0.0,
    "ror": 0.0,
    "onwind": 0.0,
    "geothermal": 0.0,
    "CCGT": 0.0,
    "biomass": 0.0,
    "offwind-ac": 0.0,
    "PHS": 0.0,
    "nuclear": 0.0,
    "solar": 0.13400000000000012,
    "OCGT": 0.0,
    "hydro": 0.0
  },
  "total_gfm_strength_investment": 5.167508498809482e6,
  "total_invested_blocks": 8211.641744732578,
  "battery_gfm_invested_blocks": 8211.497744732578,
  "storage_invested_blocks": 8211.507744732578
}
