{
  "installed_by_carrier_GW": {
    "battery_gfl": 0.0,
    "battery_gfm": 1.5755761938746946,
    "offwind-dc": 0.0,
    "coal": 0.0,
    "ror": 0.0,
    "onwind": 0.0,
    "geothermal": 0.0,
    "CCGT": 0.0,
    "biomass": 0.0,
    "offwind-ac": 0.0,
    "oil": 0.0,
    "PHS": 0.0,
    "nuclear": 0.0,
    "solar": 0.0,
    "lignite": 0.0,
    "OCGT": 0.0,
    "hydro": 0.0
  },
  "installed_CCGT_GW": 0.0,
  "installed_BESS_GFM_GW": 1.5755761938746946,
  "installed_wind_GW": 0.0,
  "installed_RES_GW": 0.0,
  "installed_by_bus_GW": {
    "5": 0.0,
    "16": 0.0,
    "20": 0.0,
    "35": 0.0,
    "12": 0.0,
    "24": 0.0,
    "28": 0.0,
    "30": 0.0,
    "17": 0.0,
    "37": 0.0,
    "1": 0.0,
    "19": 0.0,
    "22": 0.0,
    "23": 1.5755761938746946,
    "32": 0.0,
    "6": 0.0,
    "8": 0.0,
    "36": 0.0,
    "11": 0.0,
    "31": 0.0,
    "9": 0.0,
    "14": 0.0,
    "3": 0.0,
    "29": 0.0,
    "33": 0.0,
    "25": 0.0,
    "7": 0.0,
    "34": 0.0,
    "4": 0.0,
    "15": 0.0,
    "21": 0.0,
    "2": 0.0,
    "27": 0.0,
    "18": 0.0,
    "26": 0.0,
    "10": 0.0,
    "13": 0.0
  },
  "installed_BESS_GFL_GW": 0.0,
  "installed_solar_GW": 0.0
}
