{
  "balance": {
    "residual_normalized_by_total_load": 2.582214627429454e-18,
    "dcline_contribution_included": true,
    "max_bus_active_power_balance_residual": 5.820766091346741e-11,
    "max_system_active_power_balance_residual": 1.7462298274040222e-10,
    "storage_contribution_included": true,
    "max_bus_balance_bus": 15,
    "max_bus_balance_snapshot": 104
  },
  "gscr": {
    "gscr_reconstruction_residual": 1.9326762412674725e-12,
    "min_gscr_margin": -1.9326762412674725e-12
  },
  "storage": {
    "max_storage_charge_envelope_residual": 9.32815078741465e-13,
    "max_storage_state_residual": 1.2267264537513256e-8,
    "max_storage_envelope_residual": 2.8421709430404e-13,
    "max_storage_discharge_envelope_residual": 7.834932702621695e-11
  },
  "block": {
    "startup_cost": 16701.701740175853,
    "max_na_block_le_n_block_residual": 1.2011594124226293e-12,
    "shutdown_cost": 0.0,
    "max_startup_shutdown_transition_residual": 1.3262149339164069e-12,
    "total_shutdown_count": 194.208930673088,
    "total_startup_count": 7579.861967810138,
    "max_n_block_bound_residual": 0.0
  }
}
