{
  "status": "OPTIMAL",
  "startup_cost": 278.0,
  "shutdown_cost": 0.0,
  "objective": 278.078125,
  "investment_cost": 0.0,
  "solve_time_sec": 24.133000135421753,
  "build_time_sec": 26.493000030517578
}
