{
  "gscr_reconstruction_residual": 3.410605131648481e-13,
  "min_gscr_margin": -3.410605131648481e-13,
  "weakest_bus": 35,
  "weakest_snapshot": 14,
  "near_binding_count": 769,
  "top_weakest_constraints": [
    {
      "battery_gfm_contribution": 0.0,
      "lhs_sigma0_G": 0.0,
      "rhs_gfl_exposure_by_carrier": {
        "offwind-dc": 6.09646416053107,
        "solar": 100.00000000000007,
        "offwind-ac": 200.0,
        "onwind": 412.90353583946916,
        "battery_gfl": 0.0
      },
      "bus": 35,
      "margin": -3.410605131648481e-13,
      "snapshot": 14,
      "lhs_gfm_contribution_by_carrier": {
        "battery_gfm": 0.0,
        "CCGT": 45.0,
        "PHS": 7.5,
        "nuclear": 65.0,
        "ror": 62.5,
        "OCGT": 0.0,
        "hydro": 539.0
      }
    },
    {
      "battery_gfm_contribution": 0.0,
      "lhs_sigma0_G": 0.0,
      "rhs_gfl_exposure_by_carrier": {
        "offwind-dc": 0.0,
        "solar": 49.82508399142119,
        "offwind-ac": 200.00000000000006,
        "onwind": 100.00000000000023,
        "battery_gfl": 0.0
      },
      "bus": 14,
      "margin": -2.2737367544323206e-13,
      "snapshot": 12,
      "lhs_gfm_contribution_by_carrier": {
        "battery_gfm": 0.0,
        "biomass": 15.0,
        "CCGT": 75.0,
        "nuclear": 78.32508399142124,
        "ror": 72.5,
        "coal": 45.0,
        "OCGT": 0.0,
        "hydro": 64.0
      }
    },
    {
      "battery_gfm_contribution": 0.0,
      "lhs_sigma0_G": 0.0,
      "rhs_gfl_exposure_by_carrier": {
        "offwind-dc": 0.0,
        "solar": 49.82508399142119,
        "offwind-ac": 200.00000000000006,
        "onwind": 100.00000000000023,
        "battery_gfl": 0.0
      },
      "bus": 14,
      "margin": -2.2737367544323206e-13,
      "snapshot": 13,
      "lhs_gfm_contribution_by_carrier": {
        "battery_gfm": 0.0,
        "biomass": 15.0,
        "CCGT": 75.0,
        "nuclear": 78.32508399142124,
        "ror": 72.5,
        "coal": 45.0,
        "OCGT": 0.0,
        "hydro": 64.0
      }
    },
    {
      "battery_gfm_contribution": 0.0,
      "lhs_sigma0_G": 0.0,
      "rhs_gfl_exposure_by_carrier": {
        "offwind-dc": 0.0,
        "solar": 49.82508399142119,
        "offwind-ac": 200.00000000000006,
        "onwind": 100.00000000000023,
        "battery_gfl": 0.0
      },
      "bus": 14,
      "margin": -2.2737367544323206e-13,
      "snapshot": 14,
      "lhs_gfm_contribution_by_carrier": {
        "battery_gfm": 0.0,
        "biomass": 15.0,
        "CCGT": 75.0,
        "nuclear": 78.32508399142124,
        "ror": 72.5,
        "coal": 45.0,
        "OCGT": 0.0,
        "hydro": 64.0
      }
    },
    {
      "battery_gfm_contribution": 0.0,
      "lhs_sigma0_G": 0.0,
      "rhs_gfl_exposure_by_carrier": {
        "offwind-dc": 0.0,
        "solar": 49.82508399142119,
        "offwind-ac": 200.00000000000006,
        "onwind": 100.00000000000023,
        "battery_gfl": 0.0
      },
      "bus": 14,
      "margin": -2.2737367544323206e-13,
      "snapshot": 15,
      "lhs_gfm_contribution_by_carrier": {
        "battery_gfm": 0.0,
        "biomass": 15.0,
        "CCGT": 75.0,
        "nuclear": 78.32508399142124,
        "ror": 72.5,
        "coal": 45.0,
        "OCGT": 0.0,
        "hydro": 64.0
      }
    },
    {
      "battery_gfm_contribution": 0.0,
      "lhs_sigma0_G": 0.0,
      "rhs_gfl_exposure_by_carrier": {
        "offwind-dc": 0.0,
        "solar": 49.82508399142119,
        "offwind-ac": 200.0,
        "onwind": 100.00000000000023,
        "battery_gfl": 0.0
      },
      "bus": 14,
      "margin": -1.7053025658242404e-13,
      "snapshot": 16,
      "lhs_gfm_contribution_by_carrier": {
        "battery_gfm": 0.0,
        "biomass": 15.0,
        "CCGT": 75.0,
        "nuclear": 78.32508399142124,
        "ror": 72.5,
        "coal": 45.0,
        "OCGT": 0.0,
        "hydro": 64.0
      }
    },
    {
      "battery_gfm_contribution": 0.0,
      "lhs_sigma0_G": 0.0,
      "rhs_gfl_exposure_by_carrier": {
        "offwind-dc": 0.0,
        "solar": 100.0,
        "offwind-ac": 200.0,
        "onwind": 412.90353583946893,
        "battery_gfl": 0.0
      },
      "bus": 35,
      "margin": -1.1368683772161603e-13,
      "snapshot": 2,
      "lhs_gfm_contribution_by_carrier": {
        "battery_gfm": 0.0,
        "CCGT": 38.903535839468894,
        "PHS": 7.5,
        "nuclear": 65.0,
        "ror": 62.5,
        "OCGT": 0.0,
        "hydro": 539.0
      }
    },
    {
      "battery_gfm_contribution": 0.0,
      "lhs_sigma0_G": 0.0,
      "rhs_gfl_exposure_by_carrier": {
        "offwind-dc": 0.0,
        "solar": 100.0,
        "offwind-ac": 200.0,
        "onwind": 412.90353583946893,
        "battery_gfl": 0.0
      },
      "bus": 35,
      "margin": -1.1368683772161603e-13,
      "snapshot": 3,
      "lhs_gfm_contribution_by_carrier": {
        "battery_gfm": 0.0,
        "CCGT": 38.903535839468894,
        "PHS": 7.5,
        "nuclear": 65.0,
        "ror": 62.5,
        "OCGT": 0.0,
        "hydro": 539.0
      }
    },
    {
      "battery_gfm_contribution": 0.0,
      "lhs_sigma0_G": 0.0,
      "rhs_gfl_exposure_by_carrier": {
        "offwind-dc": 0.0,
        "solar": 100.0,
        "offwind-ac": 200.0,
        "onwind": 412.90353583946893,
        "battery_gfl": 0.0
      },
      "bus": 35,
      "margin": -1.1368683772161603e-13,
      "snapshot": 4,
      "lhs_gfm_contribution_by_carrier": {
        "battery_gfm": 0.0,
        "CCGT": 38.903535839468894,
        "PHS": 7.5,
        "nuclear": 65.0,
        "ror": 62.5,
        "OCGT": 0.0,
        "hydro": 539.0
      }
    },
    {
      "battery_gfm_contribution": 0.0,
      "lhs_sigma0_G": 0.0,
      "rhs_gfl_exposure_by_carrier": {
        "offwind-dc": 6.09646416053107,
        "solar": 100.00000000000007,
        "offwind-ac": 200.0,
        "onwind": 412.90353583946893,
        "battery_gfl": 0.0
      },
      "bus": 35,
      "margin": -1.1368683772161603e-13,
      "snapshot": 12,
      "lhs_gfm_contribution_by_carrier": {
        "battery_gfm": 0.0,
        "CCGT": 45.0,
        "PHS": 7.5,
        "nuclear": 65.0,
        "ror": 62.5,
        "OCGT": 0.0,
        "hydro": 539.0
      }
    },
    {
      "battery_gfm_contribution": 0.0,
      "lhs_sigma0_G": 0.0,
      "rhs_gfl_exposure_by_carrier": {
        "offwind-dc": 6.09646416053107,
        "solar": 100.00000000000007,
        "offwind-ac": 200.0,
        "onwind": 412.90353583946893,
        "battery_gfl": 0.0
      },
      "bus": 35,
      "margin": -1.1368683772161603e-13,
      "snapshot": 13,
      "lhs_gfm_contribution_by_carrier": {
        "battery_gfm": 0.0,
        "CCGT": 45.0,
        "PHS": 7.5,
        "nuclear": 65.0,
        "ror": 62.5,
        "OCGT": 0.0,
        "hydro": 539.0
      }
    },
    {
      "battery_gfm_contribution": 0.0,
      "lhs_sigma0_G": 0.0,
      "rhs_gfl_exposure_by_carrier": {
        "offwind-dc": 6.096464160530772,
        "solar": 100.00000000000007,
        "offwind-ac": 200.0,
        "onwind": 412.90353583946916,
        "battery_gfl": 0.0
      },
      "bus": 35,
      "margin": -1.1368683772161603e-13,
      "snapshot": 15,
      "lhs_gfm_contribution_by_carrier": {
        "battery_gfm": 0.0,
        "CCGT": 45.0,
        "PHS": 7.5,
        "nuclear": 65.0,
        "ror": 62.5,
        "OCGT": 0.0,
        "hydro": 539.0
      }
    },
    {
      "battery_gfm_contribution": 0.0,
      "lhs_sigma0_G": 0.0,
      "rhs_gfl_exposure_by_carrier": {
        "offwind-dc": 6.096464160530772,
        "solar": 100.00000000000007,
        "offwind-ac": 200.0,
        "onwind": 412.90353583946916,
        "battery_gfl": 0.0
      },
      "bus": 35,
      "margin": -1.1368683772161603e-13,
      "snapshot": 16,
      "lhs_gfm_contribution_by_carrier": {
        "battery_gfm": 0.0,
        "CCGT": 45.0,
        "PHS": 7.5,
        "nuclear": 65.0,
        "ror": 62.5,
        "OCGT": 0.0,