scenario,min_mu_t,min_gSCR_t,violating_snapshot_count,violating_snapshot_percent,min_relative_margin_rG,median_relative_margin_rG,mean_relative_margin_rG,max_relative_margin_rG,min_local_kappa,median_local_kappa,mean_local_kappa,number_of_binding_nodes,top_5_binding_regions
BASE,-172415.68203127332,0.003233776493455415,336,100.0,-0.9978441490043631,-0.9966666666666666,-0.9966701710783857,-0.9966666666666666,-172947.0,-3546.5,-172932.17857142858,36,AT1 0; BA1 0; BE1 0; BG1 0; CH1 0
gSCR-GERSH,-1.3848668464392223e-12,1.4999999999999512,0,0.0,-3.2566542055671256e-14,-2.9605947323337506e-16,-4.762504323888072e-16,3.138230416273776e-14,-9.094947017729282e-13,0.0,-6.124201674884673e-13,37,FR1 0; GR1 0; BE1 0; GB0 0; FI2 0
gSCR-1,-1858.9632164030609,0.9999999999999423,336,100.0,-0.33333333333337184,-0.3333333333333337,-0.3333333333333344,-0.33333333333332577,-2046.2191795209633,42.897671749927305,-2034.7603966375846,37,AT1 0; GB0 0; FI2 0; FR1 0; SE2 0
