metric,unit,BASE,gSCR-GERSH-1.0,gSCR-GERSH-1.5
min_global_gSCR_t,p.u.,0.0039071063304321274,0.9183024311596716,1.3884720807073876
global_gSCR_violation_snapshots_percent_alpha_1p5,%,100.0,49.70238095238095,6.5476190476190474
min_mu_t_alpha_1p5,p.u.,-64069.872317561676,-1877.88745417883,-177.64692602248672
mu_violation_snapshots_percent_alpha_1p5,%,100.0,50.0,6.5476190476190474
max_local_utilization_alpha_1p5,p.u.,483.50233316918656,1.7320312950953867,1.115295998403837
total_local_deficit_alpha_1p5,MW-equivalent,3.5720226728735104e7,138357.89950389677,2394.1032787251274
